lang,text
en,don't yap too much is an 8-bit computer a good project or no. 1-10 fast
en,why is there no ipv5 and what smart question can i ask my prof about ipv6
en,this is a translation request for a chinese phrase into english
en,can you explain the inductor initial condition in laplace very briefly
fr,donne moi un sujet de grand oral sur le travail clandestin
ar,علاج طبيعي لتساقط الشعر ومغلي اكليل الجبل
en,the chat title became mixed with chinese and i want a fix
fr,douleur émotionnelle physique et sensation au coeur
ar,هل يمكن شرح الفرق بين select repeat و go back n باختصار
en,eece321 prep and formulas only no useless details
